"","X","s","a","b","z","o","w","p","m","n","DenExp","DenExp2","DenExp3","DenExp4","logLik","AIC"
"1",1,1,0.9,1.2,0.2,1.2,0.4,1,0.05,0.6,0.3,0.1,0.3,0.3,-14950.0769330977,29944.1538661955
"2",1,10,1,1.2,0.2,1.3,0.4,1,0.05,0.6,0.3,0.1,0.3,0.3,-14951.2492813575,29946.4985627151
"3",1,100,1,1.3,0.2,1.2,0.4,1.1,0.05,0.6,0.3,0.1,0.4,0.3,-14952.3689557874,29948.7379115748
"4",1,101,0.9,1.2,0.2,1.2,0.4,1.1,0.05,0.6,0.4,0.1,0.4,0.3,-14953.2000944617,29950.4001889234
"5",1,102,1,1.2,0.2,1.2,0.4,1.1,0.05,0.6,0.4,0.1,0.4,0.3,-14955.0016078587,29954.0032157174
"6",1,103,0.9,1.3,0.2,1.2,0.4,1.1,0.05,0.6,0.4,0.1,0.4,0.3,-14957.1693212927,29958.3386425855
"7",1,104,1,1.3,0.2,1.2,0.4,1.1,0.05,0.6,0.4,0.1,0.4,0.3,-14957.851884018,29959.7037680361
"8",1,105,0.9,1.2,0.2,1.3,0.4,1.1,0.05,0.6,0.3,0.1,0.4,0.3,-14949.245509265,29942.4910185301
"9",1,106,1,1.2,0.2,1.3,0.4,1.1,0.05,0.6,0.3,0.1,0.4,0.3,-14951.4868024793,29946.9736049586
"10",1,107,0.9,1.3,0.2,1.3,0.4,1.1,0.05,0.6,0.3,0.1,0.4,0.3,-14950.7477088323,29945.4954176646
"11",1,108,1,1.3,0.2,1.3,0.4,1.1,0.05,0.6,0.3,0.1,0.4,0.3,-14951.8549565806,29947.7099131612
"12",1,109,0.9,1.2,0.2,1.3,0.4,1.1,0.05,0.6,0.4,0.1,0.4,0.3,-14952.6670469623,29949.3340939245
"13",1,11,0.9,1.3,0.2,1.3,0.4,1,0.05,0.6,0.3,0.1,0.3,0.3,-14950.5982435175,29945.196487035
"14",1,110,1,1.2,0.2,1.3,0.4,1.1,0.05,0.6,0.4,0.1,0.4,0.3,-14954.590520236,29953.181040472
"15",1,111,0.9,1.3,0.2,1.3,0.4,1.1,0.05,0.6,0.4,0.1,0.4,0.3,-14956.5247172915,29957.049434583
"16",1,112,1,1.3,0.2,1.3,0.4,1.1,0.05,0.6,0.4,0.1,0.4,0.3,-14957.3395439231,29958.6790878462
"17",1,113,0.9,1.2,0.2,1.2,0.4,1.1,0.05,0.6,0.3,0.2,0.4,0.3,-14950.9915051661,29945.9830103321
"18",1,114,1,1.2,0.2,1.2,0.4,1.1,0.05,0.6,0.3,0.2,0.4,0.3,-14953.2036371132,29950.4072742264
"19",1,115,0.9,1.3,0.2,1.2,0.4,1.1,0.05,0.6,0.3,0.2,0.4,0.3,-14952.7120047724,29949.4240095447
"20",1,116,1,1.3,0.2,1.2,0.4,1.1,0.05,0.6,0.3,0.2,0.4,0.3,-14953.6165788408,29951.2331576817
"21",1,117,0.9,1.2,0.2,1.2,0.4,1.1,0.05,0.6,0.4,0.2,0.4,0.3,-14954.4710287532,29952.9420575064
"22",1,118,1,1.2,0.2,1.2,0.4,1.1,0.05,0.6,0.4,0.2,0.4,0.3,-14956.2610485451,29956.5220970901
"23",1,119,0.9,1.3,0.2,1.2,0.4,1.1,0.05,0.6,0.4,0.2,0.4,0.3,-14958.6645721559,29961.3291443118
"24",1,12,1,1.3,0.2,1.3,0.4,1,0.05,0.6,0.3,0.1,0.3,0.3,-14951.4177629084,29946.8355258168
"25",1,120,1,1.3,0.2,1.2,0.4,1.1,0.05,0.6,0.4,0.2,0.4,0.3,-14959.2054748407,29962.4109496813
"26",1,121,0.9,1.2,0.2,1.3,0.4,1.1,0.05,0.6,0.3,0.2,0.4,0.3,-14950.7602677208,29945.5205354416
"27",1,122,1,1.2,0.2,1.3,0.4,1.1,0.05,0.6,0.3,0.2,0.4,0.3,-14952.9807365895,29949.9614731791
"28",1,123,0.9,1.3,0.2,1.3,0.4,1.1,0.05,0.6,0.3,0.2,0.4,0.3,-14952.4554818637,29948.9109637275
"29",1,124,1,1.3,0.2,1.3,0.4,1.1,0.05,0.6,0.3,0.2,0.4,0.3,-14953.6888908156,29951.3777816313
"30",1,125,0.9,1.2,0.2,1.3,0.4,1.1,0.05,0.6,0.4,0.2,0.4,0.3,-14954.2485998902,29952.4971997804
"31",1,126,1,1.2,0.2,1.3,0.4,1.1,0.05,0.6,0.4,0.2,0.4,0.3,-14956.1575991543,29956.3151983085
"32",1,127,0.9,1.3,0.2,1.3,0.4,1.1,0.05,0.6,0.4,0.2,0.4,0.3,-14958.1816439408,29960.3632878816
"33",1,128,1,1.3,0.2,1.3,0.4,1.1,0.05,0.6,0.4,0.2,0.4,0.3,-14958.9803659738,29961.9607319475
"34",1,129,0.9,1.2,0.2,1.2,0.4,1,0.05,0.7,0.3,0.1,0.3,0.3,-14950.6788085078,29945.3576170155
"35",1,13,0.9,1.2,0.2,1.3,0.4,1,0.05,0.6,0.4,0.1,0.3,0.3,-14952.1430894355,29948.286178871
"36",1,130,1,1.2,0.2,1.2,0.4,1,0.05,0.7,0.3,0.1,0.3,0.3,-14952.4114685732,29948.8229371465
"37",1,131,0.9,1.3,0.2,1.2,0.4,1,0.05,0.7,0.3,0.1,0.3,0.3,-14952.0153302647,29948.0306605293
"38",1,132,1,1.3,0.2,1.2,0.4,1,0.05,0.7,0.3,0.1,0.3,0.3,-14952.6465684253,29949.2931368506
"39",1,133,0.9,1.2,0.2,1.2,0.4,1,0.05,0.7,0.4,0.1,0.3,0.3,-14953.4106558504,29950.8213117009
"40",1,134,1,1.2,0.2,1.2,0.4,1,0.05,0.7,0.4,0.1,0.3,0.3,-14954.827637379,29953.6552747581
"41",1,135,0.9,1.3,0.2,1.2,0.4,1,0.05,0.7,0.4,0.1,0.3,0.3,-14957.0575540556,29958.1151081112
"42",1,136,1,1.3,0.2,1.2,0.4,1,0.05,0.7,0.4,0.1,0.3,0.3,-14957.4067157939,29958.8134315878
"43",1,137,0.9,1.2,0.2,1.3,0.4,1,0.05,0.7,0.3,0.1,0.3,0.3,-14949.8561091088,29943.7122182176
"44",1,138,1,1.2,0.2,1.3,0.4,1,0.05,0.7,0.3,0.1,0.3,0.3,-14951.7137940197,29947.4275880394
"45",1,139,0.9,1.3,0.2,1.3,0.4,1,0.05,0.7,0.3,0.1,0.3,0.3,-14951.0917169968,29946.1834339936
"46",1,14,1,1.2,0.2,1.3,0.4,1,0.05,0.6,0.4,0.1,0.3,0.3,-14953.7300788398,29951.4601576796
"47",1,140,1,1.3,0.2,1.3,0.4,1,0.05,0.7,0.3,0.1,0.3,0.3,-14951.8619328603,29947.7238657205
"48",1,141,0.9,1.2,0.2,1.3,0.4,1,0.05,0.7,0.4,0.1,0.3,0.3,-14952.5921944519,29949.1843889039
"49",1,142,1,1.2,0.2,1.3,0.4,1,0.05,0.7,0.4,0.1,0.3,0.3,-14954.1186685118,29952.2373370235
"50",1,143,0.9,1.3,0.2,1.3,0.4,1,0.05,0.7,0.4,0.1,0.3,0.3,-14956.1238405767,29956.2476811533
"51",1,144,1,1.3,0.2,1.3,0.4,1,0.05,0.7,0.4,0.1,0.3,0.3,-14956.594036132,29957.1880722639
"52",1,145,0.9,1.2,0.2,1.2,0.4,1,0.05,0.7,0.3,0.2,0.3,0.3,-14951.8010179571,29947.6020359142
"53",1,146,1,1.2,0.2,1.2,0.4,1,0.05,0.7,0.3,0.2,0.3,0.3,-14953.5039204224,29951.0078408449
"54",1,147,0.9,1.3,0.2,1.2,0.4,1,0.05,0.7,0.3,0.2,0.3,0.3,-14953.2255417179,29950.4510834359
"55",1,148,1,1.3,0.2,1.2,0.4,1,0.05,0.7,0.3,0.2,0.3,0.3,-14953.8244387052,29951.6488774105
"56",1,149,0.9,1.2,0.2,1.2,0.4,1,0.05,0.7,0.4,0.2,0.3,0.3,-14954.6013538163,29953.2027076327
"57",1,15,0.9,1.3,0.2,1.3,0.4,1,0.05,0.6,0.4,0.1,0.3,0.3,-14955.7001357793,29955.4002715587
"58",1,150,1,1.2,0.2,1.2,0.4,1,0.05,0.7,0.4,0.2,0.3,0.3,-14955.9938396875,29955.987679375
"59",1,151,0.9,1.3,0.2,1.2,0.4,1,0.05,0.7,0.4,0.2,0.3,0.3,-14958.3423237185,29960.684647437
"60",1,152,1,1.3,0.2,1.2,0.4,1,0.05,0.7,0.4,0.2,0.3,0.3,-14958.665775388,29961.3315507761
"61",1,153,0.9,1.2,0.2,1.3,0.4,1,0.05,0.7,0.3,0.2,0.3,0.3,-14951.3017323983,29946.6034647967
"62",1,154,1,1.2,0.2,1.3,0.4,1,0.05,0.7,0.3,0.2,0.3,0.3,-14953.1310397676,29950.2620795352
"63",1,155,0.9,1.3,0.2,1.3,0.4,1,0.05,0.7,0.3,0.2,0.3,0.3,-14952.6057587873,29949.2115175745
"64",1,156,1,1.3,0.2,1.3,0.4,1,0.05,0.7,0.3,0.2,0.3,0.3,-14953.3459425358,29950.6918850715
"65",1,157,0.9,1.2,0.2,1.3,0.4,1,0.05,0.7,0.4,0.2,0.3,0.3,-14954.0843980372,29952.1687960743
"66",1,158,1,1.2,0.2,1.3,0.4,1,0.05,0.7,0.4,0.2,0.3,0.3,-14955.5852249355,29955.1704498711
"67",1,159,0.9,1.3,0.2,1.3,0.4,1,0.05,0.7,0.4,0.2,0.3,0.3,-14957.6891800308,29959.3783600616
"68",1,16,1,1.3,0.2,1.3,0.4,1,0.05,0.6,0.4,0.1,0.3,0.3,-14956.2245126485,29956.449025297
"69",1,160,1,1.3,0.2,1.3,0.4,1,0.05,0.7,0.4,0.2,0.3,0.3,-14958.133504679,29960.267009358
"70",1,161,0.9,1.2,0.2,1.2,0.4,1.1,0.05,0.7,0.3,0.1,0.3,0.3,-14948.7987232952,29941.5974465903
"71",1,162,1,1.2,0.2,1.2,0.4,1.1,0.05,0.7,0.3,0.1,0.3,0.3,-14950.5850976458,29945.1701952917
"72",1,163,0.9,1.3,0.2,1.2,0.4,1.1,0.05,0.7,0.3,0.1,0.3,0.3,-14950.2397460541,29944.4794921083
"73",1,164,1,1.3,0.2,1.2,0.4,1.1,0.05,0.7,0.3,0.1,0.3,0.3,-14950.8908352291,29945.7816704582
"74",1,165,0.9,1.2,0.2,1.2,0.4,1.1,0.05,0.7,0.4,0.1,0.3,0.3,-14951.5396739288,29947.0793478576
"75",1,166,1,1.2,0.2,1.2,0.4,1.1,0.05,0.7,0.4,0.1,0.3,0.3,-14952.9929513239,29949.9859026478
"76",1,167,0.9,1.3,0.2,1.2,0.4,1.1,0.05,0.7,0.4,0.1,0.3,0.3,-14955.3002176951,29954.6004353903
"77",1,168,1,1.3,0.2,1.2,0.4,1.1,0.05,0.7,0.4,0.1,0.3,0.3,-14955.6498773391,29955.2997546782
"78",1,169,0.9,1.2,0.2,1.3,0.4,1.1,0.05,0.7,0.3,0.1,0.3,0.3,-14947.9651631649,29939.9303263297
"79",1,17,0.9,1.2,0.2,1.2,0.4,1,0.05,0.6,0.3,0.2,0.3,0.3,-14951.2224562728,29946.4449125455
"80",1,170,1,1.2,0.2,1.3,0.4,1.1,0.05,0.7,0.3,0.1,0.3,0.3,-14949.879015692,29943.7580313839
"81",1,171,0.9,1.3,0.2,1.3,0.4,1.1,0.05,0.7,0.3,0.1,0.3,0.3,-14949.3076001268,29942.6152002536
"82",1,172,1,1.3,0.2,1.3,0.4,1.1,0.05,0.7,0.3,0.1,0.3,0.3,-14950.100111228,29944.200222456
"83",1,173,0.9,1.2,0.2,1.3,0.4,1.1,0.05,0.7,0.4,0.1,0.3,0.3,-14950.7121755243,29945.4243510486
"84",1,174,1,1.2,0.2,1.3,0.4,1.1,0.05,0.7,0.4,0.1,0.3,0.3,-14952.2794272763,29948.5588545526
"85",1,175,0.9,1.3,0.2,1.3,0.4,1.1,0.05,0.7,0.4,0.1,0.3,0.3,-14954.3604032278,29952.7208064557
"86",1,176,1,1.3,0.2,1.3,0.4,1.1,0.05,0.7,0.4,0.1,0.3,0.3,-14954.8351029179,29953.6702058359
"87",1,177,0.9,1.2,0.2,1.2,0.4,1.1,0.05,0.7,0.3,0.2,0.3,0.3,-14949.932760112,29943.8655202239
"88",1,178,1,1.2,0.2,1.2,0.4,1.1,0.05,0.7,0.3,0.2,0.3,0.3,-14951.691858554,29947.383717108
"89",1,179,0.9,1.3,0.2,1.2,0.4,1.1,0.05,0.7,0.3,0.2,0.3,0.3,-14951.4640645224,29946.9281290449
"90",1,18,1,1.2,0.2,1.2,0.4,1,0.05,0.6,0.3,0.2,0.3,0.3,-14952.9838983334,29949.9677966667
"91",1,180,1,1.3,0.2,1.2,0.4,1.1,0.05,0.7,0.3,0.2,0.3,0.3,-14952.0846451165,29948.1692902331
"92",1,181,0.9,1.2,0.2,1.2,0.4,1.1,0.05,0.7,0.4,0.2,0.3,0.3,-14952.7457586457,29949.4915172913
"93",1,182,1,1.2,0.2,1.2,0.4,1.1,0.05,0.7,0.4,0.2,0.3,0.3,-14954.1785168156,29952.3570336313
"94",1,183,0.9,1.3,0.2,1.2,0.4,1.1,0.05,0.7,0.4,0.2,0.3,0.3,-14956.6025374029,29957.2050748058
"95",1,184,1,1.3,0.2,1.2,0.4,1.1,0.05,0.7,0.4,0.2,0.3,0.3,-14956.9296504424,29957.8593008848
"96",1,185,0.9,1.2,0.2,1.3,0.4,1.1,0.05,0.7,0.3,0.2,0.3,0.3,-14949.4262036291,29942.8524072583
"97",1,186,1,1.2,0.2,1.3,0.4,1.1,0.05,0.7,0.3,0.2,0.3,0.3,-14951.3133750777,29946.6267501554
"98",1,187,0.9,1.3,0.2,1.3,0.4,1.1,0.05,0.7,0.3,0.2,0.3,0.3,-14950.8391622801,29945.6783245602
"99",1,188,1,1.3,0.2,1.3,0.4,1.1,0.05,0.7,0.3,0.2,0.3,0.3,-14951.6027379524,29947.2054759048
"100",1,189,0.9,1.2,0.2,1.3,0.4,1.1,0.05,0.7,0.4,0.2,0.3,0.3,-14952.2226797658,29948.4453595316
"101",1,19,0.9,1.3,0.2,1.2,0.4,1,0.05,0.6,0.3,0.2,0.3,0.3,-14952.6742723907,29949.3485447815
"102",1,190,1,1.2,0.2,1.3,0.4,1.1,0.05,0.7,0.4,0.2,0.3,0.3,-14953.7676455168,29951.5352910336
"103",1,191,0.9,1.3,0.2,1.3,0.4,1.1,0.05,0.7,0.4,0.2,0.3,0.3,-14955.946029595,29955.8920591899
"104",1,192,1,1.3,0.2,1.3,0.4,1.1,0.05,0.7,0.4,0.2,0.3,0.3,-14956.3974181564,29956.7948363128
"105",1,193,0.9,1.2,0.2,1.2,0.4,1,0.05,0.7,0.3,0.1,0.4,0.3,-14951.1528332505,29946.3056665011
"106",1,194,1,1.2,0.2,1.2,0.4,1,0.05,0.7,0.3,0.1,0.4,0.3,-14953.0531793577,29950.1063587155
"107",1,195,0.9,1.3,0.2,1.2,0.4,1,0.05,0.7,0.3,0.1,0.4,0.3,-14952.623936019,29949.247872038
"108",1,196,1,1.3,0.2,1.2,0.4,1,0.05,0.7,0.3,0.1,0.4,0.3,-14953.4891257734,29950.9782515467
"109",1,197,0.9,1.2,0.2,1.2,0.4,1,0.05,0.7,0.4,0.1,0.4,0.3,-14954.4179105478,29952.8358210957
"110",1,198,1,1.2,0.2,1.2,0.4,1,0.05,0.7,0.4,0.1,0.4,0.3,-14956.0313367104,29956.0626734209
"111",1,199,0.9,1.3,0.2,1.2,0.4,1,0.05,0.7,0.4,0.1,0.4,0.3,-14958.3200712312,29960.6401424625
"112",1,2,1,1.2,0.2,1.2,0.4,1,0.05,0.6,0.3,0.1,0.3,0.3,-14951.8701989054,29947.7403978109
"113",1,20,1,1.3,0.2,1.2,0.4,1,0.05,0.6,0.3,0.2,0.3,0.3,-14953.3241992517,29950.6483985034
"114",1,200,1,1.3,0.2,1.2,0.4,1,0.05,0.7,0.4,0.1,0.4,0.3,-14958.7696101234,29961.5392202468
"115",1,201,0.9,1.2,0.2,1.3,0.4,1,0.05,0.7,0.3,0.1,0.4,0.3,-14950.6781480533,29945.3562961066
"116",1,202,1,1.2,0.2,1.3,0.4,1,0.05,0.7,0.3,0.1,0.4,0.3,-14952.5790534245,29949.158106849
"117",1,203,0.9,1.3,0.2,1.3,0.4,1,0.05,0.7,0.3,0.1,0.4,0.3,-14951.8978022766,29947.7956045531
"118",1,204,1,1.3,0.2,1.3,0.4,1,0.05,0.7,0.3,0.1,0.4,0.3,-14952.8518978079,29949.7037956158
"119",1,205,0.9,1.2,0.2,1.3,0.4,1,0.05,0.7,0.4,0.1,0.4,0.3,-14953.8418987755,29951.6837975509
"120",1,206,1,1.2,0.2,1.3,0.4,1,0.05,0.7,0.4,0.1,0.4,0.3,-14955.5757743009,29955.1515486018
"121",1,207,0.9,1.3,0.2,1.3,0.4,1,0.05,0.7,0.4,0.1,0.4,0.3,-14957.5328688267,29959.0657376534
"122",1,208,1,1.3,0.2,1.3,0.4,1,0.05,0.7,0.4,0.1,0.4,0.3,-14958.2127961784,29960.4255923569
"123",1,209,0.9,1.2,0.2,1.2,0.4,1,0.05,0.7,0.3,0.2,0.4,0.3,-14952.297486965,29948.59497393
"124",1,21,0.9,1.2,0.2,1.2,0.4,1,0.05,0.6,0.4,0.2,0.3,0.3,-14954.0957290588,29952.1914581176
"125",1,210,1,1.2,0.2,1.2,0.4,1,0.05,0.7,0.3,0.2,0.4,0.3,-14954.1774970112,29952.3549940224
"126",1,211,0.9,1.3,0.2,1.2,0.4,1,0.05,0.7,0.3,0.2,0.4,0.3,-14953.8377667777,29951.6755335554
"127",1,212,1,1.3,0.2,1.2,0.4,1,0.05,0.7,0.3,0.2,0.4,0.3,-14954.7271251549,29953.4542503098
"128",1,213,0.9,1.2,0.2,1.2,0.4,1,0.05,0.7,0.4,0.2,0.4,0.3,-14955.6498013856,29955.2996027712
"129",1,214,1,1.2,0.2,1.2,0.4,1,0.05,0.7,0.4,0.2,0.4,0.3,-14957.2488460649,29958.4976921298
"130",1,215,0.9,1.3,0.2,1.2,0.4,1,0.05,0.7,0.4,0.2,0.4,0.3,-14959.6788558643,29963.3577117286
"131",1,216,1,1.3,0.2,1.2,0.4,1,0.05,0.7,0.4,0.2,0.4,0.3,-14960.0799450746,29964.1598901493
"132",1,217,0.9,1.2,0.2,1.3,0.4,1,0.05,0.7,0.3,0.2,0.4,0.3,-14952.0133866009,29948.0267732018
"133",1,218,1,1.2,0.2,1.3,0.4,1,0.05,0.7,0.3,0.2,0.4,0.3,-14954.0301759198,29952.0603518396
"134",1,219,0.9,1.3,0.2,1.3,0.4,1,0.05,0.7,0.3,0.2,0.4,0.3,-14953.4391912749,29950.8783825497
"135",1,22,1,1.2,0.2,1.2,0.4,1,0.05,0.6,0.4,0.2,0.3,0.3,-14955.5511293339,29955.1022586679
"136",1,220,1,1.3,0.2,1.3,0.4,1,0.05,0.7,0.3,0.2,0.4,0.3,-14954.6573988447,29953.3147976893
"137",1,221,0.9,1.2,0.2,1.3,0.4,1,0.05,0.7,0.4,0.2,0.4,0.3,-14955.3768050204,29954.7536100407
"138",1,222,1,1.2,0.2,1.3,0.4,1,0.05,0.7,0.4,0.2,0.4,0.3,-14957.0940977556,29958.1881955113
"139",1,223,0.9,1.3,0.2,1.3,0.4,1,0.05,0.7,0.4,0.2,0.4,0.3,-14959.1415503829,29962.2831007658
"140",1,224,1,1.3,0.2,1.3,0.4,1,0.05,0.7,0.4,0.2,0.4,0.3,-14959.8040080425,29963.6080160849
"141",1,225,0.9,1.2,0.2,1.2,0.4,1.1,0.05,0.7,0.3,0.1,0.4,0.3,-14950.3953694686,29944.7907389371
"142",1,226,1,1.2,0.2,1.2,0.4,1.1,0.05,0.7,0.3,0.1,0.4,0.3,-14952.3993330342,29948.7986660683
"143",1,227,0.9,1.3,0.2,1.2,0.4,1.1,0.05,0.7,0.3,0.1,0.4,0.3,-14951.9245968437,29947.8491936874
"144",1,228,1,1.3,0.2,1.2,0.4,1.1,0.05,0.7,0.3,0.1,0.4,0.3,-14952.8310750667,29949.6621501334
"145",1,229,0.9,1.2,0.2,1.2,0.4,1.1,0.05,0.7,0.4,0.1,0.4,0.3,-14953.6683376139,29951.3366752277
"146",1,23,0.9,1.3,0.2,1.2,0.4,1,0.05,0.6,0.4,0.2,0.3,0.3,-14957.8653407577,29959.7306815154
"147",1,230,1,1.2,0.2,1.2,0.4,1.1,0.05,0.7,0.4,0.1,0.4,0.3,-14955.4068800771,29954.8137601543
"148",1,231,0.9,1.3,0.2,1.2,0.4,1.1,0.05,0.7,0.4,0.1,0.4,0.3,-14957.7272828172,29959.4545656344
"149",1,232,1,1.3,0.2,1.2,0.4,1.1,0.05,0.7,0.4,0.1,0.4,0.3,-14958.2381898762,29960.4763797523
"150",1,233,0.9,1.2,0.2,1.3,0.4,1.1,0.05,0.7,0.3,0.1,0.4,0.3,-14949.8528543113,29943.7057086226
"151",1,234,1,1.2,0.2,1.3,0.4,1.1,0.05,0.7,0.3,0.1,0.4,0.3,-14951.8959265539,29947.7918531078
"152",1,235,0.9,1.3,0.2,1.3,0.4,1.1,0.05,0.7,0.3,0.1,0.4,0.3,-14951.1872764989,29946.3745529978
"153",1,236,1,1.3,0.2,1.3,0.4,1.1,0.05,0.7,0.3,0.1,0.4,0.3,-14952.2465283604,29948.4930567208
"154",1,237,0.9,1.2,0.2,1.3,0.4,1.1,0.05,0.7,0.4,0.1,0.4,0.3,-14953.0611406756,29950.1222813512
"155",1,238,1,1.2,0.2,1.3,0.4,1.1,0.05,0.7,0.4,0.1,0.4,0.3,-14954.9266252122,29953.8532504243
"156",1,239,0.9,1.3,0.2,1.3,0.4,1.1,0.05,0.7,0.4,0.1,0.4,0.3,-14956.8961838766,29957.7923677532
"157",1,24,1,1.3,0.2,1.2,0.4,1,0.05,0.6,0.4,0.2,0.3,0.3,-14958.2438993301,29960.4877986602
"158",1,240,1,1.3,0.2,1.3,0.4,1.1,0.05,0.7,0.4,0.1,0.4,0.3,-14957.6591151066,29959.3182302132
"159",1,241,0.9,1.2,0.2,1.2,0.4,1.1,0.05,0.7,0.3,0.2,0.4,0.3,-14951.5735580484,29947.1471160967
"160",1,242,1,1.2,0.2,1.2,0.4,1.1,0.05,0.7,0.3,0.2,0.4,0.3,-14953.6890140775,29951.3780281551
"161",1,243,0.9,1.3,0.2,1.2,0.4,1.1,0.05,0.7,0.3,0.2,0.4,0.3,-14953.2155733632,29950.4311467264
"162",1,244,1,1.3,0.2,1.2,0.4,1.1,0.05,0.7,0.3,0.2,0.4,0.3,-14954.1830307774,29952.3660615548
"163",1,245,0.9,1.2,0.2,1.2,0.4,1.1,0.05,0.7,0.4,0.2,0.4,0.3,-14954.914887573,29953.8297751459
"164",1,246,1,1.2,0.2,1.2,0.4,1.1,0.05,0.7,0.4,0.2,0.4,0.3,-14956.6438239075,29957.287647815
"165",1,247,0.9,1.3,0.2,1.2,0.4,1.1,0.05,0.7,0.4,0.2,0.4,0.3,-14958.9548124287,29961.9096248574
"166",1,248,1,1.3,0.2,1.2,0.4,1.1,0.05,0.7,0.4,0.2,0.4,0.3,-14959.5697669323,29963.1395338645
"167",1,249,0.9,1.2,0.2,1.3,0.4,1.1,0.05,0.7,0.3,0.2,0.4,0.3,-14951.1948665747,29946.3897331494
"168",1,25,0.9,1.2,0.2,1.3,0.4,1,0.05,0.6,0.3,0.2,0.3,0.3,-14950.8089226358,29945.6178452716
"169",1,250,1,1.2,0.2,1.3,0.4,1.1,0.05,0.7,0.3,0.2,0.4,0.3,-14953.3641666571,29950.7283333142
"170",1,251,0.9,1.3,0.2,1.3,0.4,1.1,0.05,0.7,0.3,0.2,0.4,0.3,-14952.8870671355,29949.7741342711
"171",1,252,1,1.3,0.2,1.3,0.4,1.1,0.05,0.7,0.3,0.2,0.4,0.3,-14953.7845802108,29951.5691604217
"172",1,253,0.9,1.2,0.2,1.3,0.4,1.1,0.05,0.7,0.4,0.2,0.4,0.3,-14954.9922683907,29953.9845367813
"173",1,254,1,1.2,0.2,1.3,0.4,1.1,0.05,0.7,0.4,0.2,0.4,0.3,-14956.4679932253,29956.9359864506
"174",1,255,0.9,1.3,0.2,1.3,0.4,1.1,0.05,0.7,0.4,0.2,0.4,0.3,-14958.5261043341,29961.0522086682
"175",1,256,1,1.3,0.2,1.3,0.4,1.1,0.05,0.7,0.4,0.2,0.4,0.3,-14959.2748221768,29962.5496443536
"176",1,257,0.9,1.2,0.2,1.2,0.4,1,0.05,0.6,0.3,0.1,0.3,0.4,-14948.7783949028,29941.5567898056
"177",1,258,1,1.2,0.2,1.2,0.4,1,0.05,0.6,0.3,0.1,0.3,0.4,-14950.6637765657,29945.3275531314
"178",1,259,0.9,1.3,0.2,1.2,0.4,1,0.05,0.6,0.3,0.1,0.3,0.4,-14950.0791824584,29944.1583649167
"179",1,26,1,1.2,0.2,1.3,0.4,1,0.05,0.6,0.3,0.2,0.3,0.3,-14952.6915669924,29949.3831339847
"180",1,260,1,1.3,0.2,1.2,0.4,1,0.05,0.6,0.3,0.1,0.3,0.4,-14950.8603333404,29945.7206666807
"181",1,261,0.9,1.2,0.2,1.2,0.4,1,0.05,0.6,0.4,0.1,0.3,0.4,-14951.5457072809,29947.0914145618
"182",1,262,1,1.2,0.2,1.2,0.4,1,0.05,0.6,0.4,0.1,0.3,0.4,-14953.1137404453,29950.2274808906
"183",1,263,0.9,1.3,0.2,1.2,0.4,1,0.05,0.6,0.4,0.1,0.3,0.4,-14955.1654075212,29954.3308150424
"184",1,264,1,1.3,0.2,1.2,0.4,1,0.05,0.6,0.4,0.1,0.3,0.4,-14955.657386525,29955.31477305
"185",1,265,0.9,1.2,0.2,1.3,0.4,1,0.05,0.6,0.3,0.1,0.3,0.4,-14948.2597094327,29940.5194188654
"186",1,266,1,1.2,0.2,1.3,0.4,1,0.05,0.6,0.3,0.1,0.3,0.4,-14950.2626575058,29944.5253150115
"187",1,267,0.9,1.3,0.2,1.3,0.4,1,0.05,0.6,0.3,0.1,0.3,0.4,-14949.4574606409,29942.9149212818
"188",1,268,1,1.3,0.2,1.3,0.4,1,0.05,0.6,0.3,0.1,0.3,0.4,-14950.3718658949,29944.7437317899
"189",1,269,0.9,1.2,0.2,1.3,0.4,1,0.05,0.6,0.4,0.1,0.3,0.4,-14951.0303234161,29946.0606468323
"190",1,27,0.9,1.3,0.2,1.3,0.4,1,0.05,0.6,0.3,0.2,0.3,0.3,-14952.1388706351,29948.2777412703
"191",1,270,1,1.2,0.2,1.3,0.4,1,0.05,0.6,0.4,0.1,0.3,0.4,-14952.7038134695,29949.407626939
"192",1,271,0.9,1.3,0.2,1.3,0.4,1,0.05,0.6,0.4,0.1,0.3,0.4,-14954.5264646701,29953.0529293402
"193",1,272,1,1.3,0.2,1.3,0.4,1,0.05,0.6,0.4,0.1,0.3,0.4,-14955.1368340953,29954.2736681906
"194",1,273,0.9,1.2,0.2,1.2,0.4,1,0.05,0.6,0.3,0.2,0.3,0.4,-14949.8267074443,29943.6534148887
"195",1,274,1,1.2,0.2,1.2,0.4,1,0.05,0.6,0.3,0.2,0.3,0.4,-14951.6838423473,29947.3676846947
"196",1,275,0.9,1.3,0.2,1.2,0.4,1,0.05,0.6,0.3,0.2,0.3,0.4,-14951.2146605691,29946.4293211383
"197",1,276,1,1.3,0.2,1.2,0.4,1,0.05,0.6,0.3,0.2,0.3,0.4,-14951.963396289,29947.9267925779
"198",1,277,0.9,1.2,0.2,1.2,0.4,1,0.05,0.6,0.4,0.2,0.3,0.4,-14952.6655599051,29949.3311198101
"199",1,278,1,1.2,0.2,1.2,0.4,1,0.05,0.6,0.4,0.2,0.3,0.4,-14954.2099770689,29952.4199541379
"200",1,279,0.9,1.3,0.2,1.2,0.4,1,0.05,0.6,0.4,0.2,0.3,0.4,-14956.3809660917,29956.7619321833
"201",1,28,1,1.3,0.2,1.3,0.4,1,0.05,0.6,0.3,0.2,0.3,0.3,-14952.9262403406,29949.8524806811
"202",1,280,1,1.3,0.2,1.2,0.4,1,0.05,0.6,0.4,0.2,0.3,0.4,-14956.8465390457,29957.6930780915
"203",1,281,0.9,1.2,0.2,1.3,0.4,1,0.05,0.6,0.3,0.2,0.3,0.4,-14949.6772513967,29943.3545027935
"204",1,282,1,1.2,0.2,1.3,0.4,1,0.05,0.6,0.3,0.2,0.3,0.4,-14951.6525340256,29947.3050680513
"205",1,283,0.9,1.3,0.2,1.3,0.4,1,0.05,0.6,0.3,0.2,0.3,0.4,-14950.9419742943,29945.8839485886
"206",1,284,1,1.3,0.2,1.3,0.4,1,0.05,0.6,0.3,0.2,0.3,0.4,-14951.8258205663,29947.6516411326
"207",1,285,0.9,1.2,0.2,1.3,0.4,1,0.05,0.6,0.4,0.2,0.3,0.4,-14952.4969862789,29948.9939725579
"208",1,286,1,1.2,0.2,1.3,0.4,1,0.05,0.6,0.4,0.2,0.3,0.4,-14954.1453506146,29952.2907012291
"209",1,287,0.9,1.3,0.2,1.3,0.4,1,0.05,0.6,0.4,0.2,0.3,0.4,-14956.066482423,29956.132964846
"210",1,288,1,1.3,0.2,1.3,0.4,1,0.05,0.6,0.4,0.2,0.3,0.4,-14956.6502284405,29957.3004568809
"211",1,289,0.9,1.2,0.2,1.2,0.4,1.1,0.05,0.6,0.3,0.1,0.3,0.4,-14946.8928878861,29937.7857757722
"212",1,29,0.9,1.2,0.2,1.3,0.4,1,0.05,0.6,0.4,0.2,0.3,0.3,-14953.6626708763,29951.3253417525
"213",1,290,1,1.2,0.2,1.2,0.4,1.1,0.05,0.6,0.3,0.1,0.3,0.4,-14949.5224937791,29943.0449875583
"214",1,291,0.9,1.3,0.2,1.2,0.4,1.1,0.05,0.6,0.3,0.1,0.3,0.4,-14948.2973903344,29940.5947806687
"215",1,292,1,1.3,0.2,1.2,0.4,1.1,0.05,0.6,0.3,0.1,0.3,0.4,-14949.1011986312,29942.2023972624
"216",1,293,0.9,1.2,0.2,1.2,0.4,1.1,0.05,0.6,0.4,0.1,0.3,0.4,-14949.6708223889,29943.3416447777
"217",1,294,1,1.2,0.2,1.2,0.4,1.1,0.05,0.6,0.4,0.1,0.3,0.4,-14951.2767119808,29946.5534239615
"218",1,295,0.9,1.3,0.2,1.2,0.4,1.1,0.05,0.6,0.4,0.1,0.3,0.4,-14953.4035194138,29950.8070388276
"219",1,296,1,1.3,0.2,1.2,0.4,1.1,0.05,0.6,0.4,0.1,0.3,0.4,-14953.8980631041,29951.7961262082
"220",1,297,0.9,1.2,0.2,1.3,0.4,1.1,0.05,0.6,0.3,0.1,0.3,0.4,-14946.3665637229,29936.7331274458
"221",1,298,1,1.2,0.2,1.3,0.4,1.1,0.05,0.6,0.3,0.1,0.3,0.4,-14948.4283723726,29940.8567447453
"222",1,299,0.9,1.3,0.2,1.3,0.4,1.1,0.05,0.6,0.3,0.1,0.3,0.4,-14947.6700346611,29939.3400693222
"223",1,3,0.9,1.3,0.2,1.2,0.4,1,0.05,0.6,0.3,0.1,0.3,0.3,-14951.8487198948,29947.6974397896
"224",1,30,1,1.2,0.2,1.3,0.4,1,0.05,0.6,0.4,0.2,0.3,0.3,-14955.2228376093,29954.4456752187
"225",1,300,1,1.3,0.2,1.3,0.4,1.1,0.05,0.6,0.3,0.1,0.3,0.4,-14948.6097870019,29941.2195740038
"226",1,301,0.9,1.2,0.2,1.3,0.4,1.1,0.05,0.6,0.4,0.1,0.3,0.4,-14949.1493647535,29942.2987295069
"227",1,302,1,1.2,0.2,1.3,0.4,1.1,0.05,0.6,0.4,0.1,0.3,0.4,-14950.865370255,29945.7307405099
"228",1,303,0.9,1.3,0.2,1.3,0.4,1.1,0.05,0.6,0.4,0.1,0.3,0.4,-14952.7611903601,29949.5223807202
"229",1,304,1,1.3,0.2,1.3,0.4,1.1,0.05,0.6,0.4,0.1,0.3,0.4,-14953.3783595605,29950.756719121
"230",1,305,0.9,1.2,0.2,1.2,0.4,1.1,0.05,0.6,0.3,0.2,0.3,0.4,-14947.9539864928,29939.9079729856
"231",1,306,1,1.2,0.2,1.2,0.4,1.1,0.05,0.6,0.3,0.2,0.3,0.4,-14949.8699035286,29943.7398070572
"232",1,307,0.9,1.3,0.2,1.2,0.4,1.1,0.05,0.6,0.3,0.2,0.3,0.4,-14949.4477475323,29942.8954950646
"233",1,308,1,1.3,0.2,1.2,0.4,1.1,0.05,0.6,0.3,0.2,0.3,0.4,-14950.2211031116,29944.4422062233
"234",1,309,0.9,1.2,0.2,1.2,0.4,1.1,0.05,0.6,0.4,0.2,0.3,0.4,-14950.8068581244,29945.6137162489
"235",1,31,0.9,1.3,0.2,1.3,0.4,1,0.05,0.6,0.4,0.2,0.3,0.3,-14957.292342224,29958.584684448
"236",1,310,1,1.2,0.2,1.2,0.4,1.1,0.05,0.6,0.4,0.2,0.3,0.4,-14952.3931410388,29948.7862820777
"237",1,311,0.9,1.3,0.2,1.2,0.4,1.1,0.05,0.6,0.4,0.2,0.3,0.4,-14954.6373016027,29953.2746032053
"238",1,312,1,1.3,0.2,1.2,0.4,1.1,0.05,0.6,0.4,0.2,0.3,0.4,-14955.1086610271,29954.2173220542
"239",1,313,0.9,1.2,0.2,1.3,0.4,1.1,0.05,0.6,0.3,0.2,0.3,0.4,-14947.8005569906,29939.6011139813
"240",1,314,1,1.2,0.2,1.3,0.4,1.1,0.05,0.6,0.3,0.2,0.3,0.4,-14949.8364786999,29943.6729573998
"241",1,315,0.9,1.3,0.2,1.3,0.4,1.1,0.05,0.6,0.3,0.2,0.3,0.4,-14949.172911015,29942.3458220301
"242",1,316,1,1.3,0.2,1.3,0.4,1.1,0.05,0.6,0.3,0.2,0.3,0.4,-14950.0833089663,29944.1666179325
"243",1,317,0.9,1.2,0.2,1.3,0.4,1.1,0.05,0.6,0.4,0.2,0.3,0.4,-14950.6351673221,29945.2703346442
"244",1,318,1,1.2,0.2,1.3,0.4,1.1,0.05,0.6,0.4,0.2,0.3,0.4,-14952.3293803854,29948.6587607708
"245",1,319,0.9,1.3,0.2,1.3,0.4,1.1,0.05,0.6,0.4,0.2,0.3,0.4,-14954.3222228222,29952.6444456443
"246",1,32,1,1.3,0.2,1.3,0.4,1,0.05,0.6,0.4,0.2,0.3,0.3,-14957.7896337706,29959.5792675412
"247",1,320,1,1.3,0.2,1.3,0.4,1.1,0.05,0.6,0.4,0.2,0.3,0.4,-14954.915341353,29953.830682706
"248",1,321,0.9,1.2,0.2,1.2,0.4,1,0.05,0.6,0.3,0.1,0.4,0.4,-14949.4249646196,29942.8499292392
"249",1,322,1,1.2,0.2,1.2,0.4,1,0.05,0.6,0.3,0.1,0.4,0.4,-14951.4287056858,29946.8574113716
"250",1,323,0.9,1.3,0.2,1.2,0.4,1,0.05,0.6,0.3,0.1,0.4,0.4,-14950.8200296028,29945.6400592057
"251",1,324,1,1.3,0.2,1.2,0.4,1,0.05,0.6,0.3,0.1,0.4,0.4,-14951.7458568003,29947.4917136007
"252",1,325,0.9,1.2,0.2,1.2,0.4,1,0.05,0.6,0.4,0.1,0.4,0.4,-14952.6719461252,29949.3438922505
"253",1,326,1,1.2,0.2,1.2,0.4,1,0.05,0.6,0.4,0.1,0.4,0.4,-14954.4443183275,29952.8886366549
"254",1,327,0.9,1.3,0.2,1.2,0.4,1,0.05,0.6,0.4,0.1,0.4,0.4,-14956.4496117457,29956.8992234914
"255",1,328,1,1.3,0.2,1.2,0.4,1,0.05,0.6,0.4,0.1,0.4,0.4,-14957.1506498732,29958.3012997463
"256",1,329,0.9,1.2,0.2,1.3,0.4,1,0.05,0.6,0.3,0.1,0.4,0.4,-14949.0619483577,29942.1238967153
"257",1,33,0.9,1.2,0.2,1.2,0.4,1.1,0.05,0.6,0.3,0.1,0.3,0.3,-14948.22255272,29940.44510544
"258",1,330,1,1.2,0.2,1.3,0.4,1,0.05,0.6,0.3,0.1,0.4,0.4,-14951.251250065,29946.5025001301
"259",1,331,0.9,1.3,0.2,1.3,0.4,1,0.05,0.6,0.3,0.1,0.4,0.4,-14950.3798716425,29944.759743285
"260",1,332,1,1.3,0.2,1.3,0.4,1,0.05,0.6,0.3,0.1,0.4,0.4,-14951.4851939778,29946.9703879555
"261",1,333,0.9,1.2,0.2,1.3,0.4,1,0.05,0.6,0.4,0.1,0.4,0.4,-14952.3993560762,29948.7987121525
"262",1,334,1,1.2,0.2,1.3,0.4,1,0.05,0.6,0.4,0.1,0.4,0.4,-14954.2873510271,29952.5747020542
"263",1,335,0.9,1.3,0.2,1.3,0.4,1,0.05,0.6,0.4,0.1,0.4,0.4,-14956.0584801097,29956.1169602195
"264",1,336,1,1.3,0.2,1.3,0.4,1,0.05,0.6,0.4,0.1,0.4,0.4,-14956.8858191736,29957.7716383472
"265",1,337,0.9,1.2,0.2,1.2,0.4,1,0.05,0.6,0.3,0.2,0.4,0.4,-14950.5105913958,29945.0211827916
"266",1,338,1,1.2,0.2,1.2,0.4,1,0.05,0.6,0.3,0.2,0.4,0.4,-14952.4794735946,29948.9589471892
"267",1,339,0.9,1.3,0.2,1.2,0.4,1,0.05,0.6,0.3,0.2,0.4,0.4,-14951.9408308119,29947.8816616237
"268",1,34,1,1.2,0.2,1.2,0.4,1.1,0.05,0.6,0.3,0.1,0.3,0.3,-14950.0712398717,29944.1424797435
"269",1,340,1,1.3,0.2,1.2,0.4,1,0.05,0.6,0.3,0.2,0.4,0.4,-14952.8804345132,29949.7608690264
"270",1,341,0.9,1.2,0.2,1.2,0.4,1,0.05,0.6,0.4,0.2,0.4,0.4,-14953.8316264311,29951.6632528622
"271",1,342,1,1.2,0.2,1.2,0.4,1,0.05,0.6,0.4,0.2,0.4,0.4,-14955.5908773009,29955.1817546019
"272",1,343,0.9,1.3,0.2,1.2,0.4,1,0.05,0.6,0.4,0.2,0.4,0.4,-14957.7052615407,29959.4105230813
"273",1,344,1,1.3,0.2,1.2,0.4,1,0.05,0.6,0.4,0.2,0.4,0.4,-14958.3899358276,29960.7798716551
"274",1,345,0.9,1.2,0.2,1.3,0.4,1,0.05,0.6,0.3,0.2,0.4,0.4,-14950.5043826979,29945.0087653958
"275",1,346,1,1.2,0.2,1.3,0.4,1,0.05,0.6,0.3,0.2,0.4,0.4,-14952.6746295322,29949.3492590644
"276",1,347,0.9,1.3,0.2,1.3,0.4,1,0.05,0.6,0.3,0.2,0.4,0.4,-14951.8907559795,29947.781511959
"277",1,348,1,1.3,0.2,1.3,0.4,1,0.05,0.6,0.3,0.2,0.4,0.4,-14952.9736631971,29949.9473263942
"278",1,349,0.9,1.2,0.2,1.3,0.4,1,0.05,0.6,0.4,0.2,0.4,0.4,-14953.9080980851,29951.8161961701
"279",1,35,0.9,1.3,0.2,1.2,0.4,1.1,0.05,0.6,0.3,0.1,0.3,0.3,-14949.6899053835,29943.379810767
"280",1,350,1,1.2,0.2,1.3,0.4,1,0.05,0.6,0.4,0.2,0.4,0.4,-14955.7803035118,29955.5606070235
"281",1,351,0.9,1.3,0.2,1.3,0.4,1,0.05,0.6,0.4,0.2,0.4,0.4,-14957.6409817431,29959.2819634861
"282",1,352,1,1.3,0.2,1.3,0.4,1,0.05,0.6,0.4,0.2,0.4,0.4,-14958.450432407,29960.900864814
"283",1,353,0.9,1.2,0.2,1.2,0.4,1.1,0.05,0.6,0.3,0.1,0.4,0.4,-14948.5497586157,29941.0995172315
"284",1,354,1,1.2,0.2,1.2,0.4,1.1,0.05,0.6,0.3,0.1,0.4,0.4,-14950.7597478827,29945.5194957653
"285",1,355,0.9,1.3,0.2,1.2,0.4,1.1,0.05,0.6,0.3,0.1,0.4,0.4,-14950.08622909,29944.17245818
"286",1,356,1,1.3,0.2,1.2,0.4,1.1,0.05,0.6,0.3,0.1,0.4,0.4,-14951.1525793207,29946.3051586414
"287",1,357,0.9,1.2,0.2,1.2,0.4,1.1,0.05,0.6,0.4,0.1,0.4,0.4,-14951.9053597398,29947.8107194796
"288",1,358,1,1.2,0.2,1.2,0.4,1.1,0.05,0.6,0.4,0.1,0.4,0.4,-14953.8040029392,29951.6080058784
"289",1,359,0.9,1.3,0.2,1.2,0.4,1.1,0.05,0.6,0.4,0.1,0.4,0.4,-14955.8243045903,29955.6486091805
"290",1,36,1,1.3,0.2,1.2,0.4,1.1,0.05,0.6,0.3,0.1,0.3,0.3,-14950.3961697424,29944.7923394849
"291",1,360,1,1.3,0.2,1.2,0.4,1.1,0.05,0.6,0.4,0.1,0.4,0.4,-14956.6036187638,29957.2072375275
"292",1,361,0.9,1.2,0.2,1.3,0.4,1.1,0.05,0.6,0.3,0.1,0.4,0.4,-14948.2157903487,29940.4315806974
"293",1,362,1,1.2,0.2,1.3,0.4,1.1,0.05,0.6,0.3,0.1,0.4,0.4,-14950.558136496,29945.1162729919
"294",1,363,0.9,1.3,0.2,1.3,0.4,1.1,0.05,0.6,0.3,0.1,0.4,0.4,-14949.6560631805,29943.3121263611
"295",1,364,1,1.3,0.2,1.3,0.4,1.1,0.05,0.6,0.3,0.1,0.4,0.4,-14951.1890866877,29946.3781733755
"296",1,365,0.9,1.2,0.2,1.3,0.4,1.1,0.05,0.6,0.4,0.1,0.4,0.4,-14951.6062003365,29947.2124006731
"297",1,366,1,1.2,0.2,1.3,0.4,1.1,0.05,0.6,0.4,0.1,0.4,0.4,-14953.6270490325,29951.2540980651
"298",1,367,0.9,1.3,0.2,1.3,0.4,1.1,0.05,0.6,0.4,0.1,0.4,0.4,-14955.4089963101,29954.8179926203
"299",1,368,1,1.3,0.2,1.3,0.4,1.1,0.05,0.6,0.4,0.1,0.4,0.4,-14956.3209896895,29956.6419793791
"300",1,369,0.9,1.2,0.2,1.2,0.4,1.1,0.05,0.6,0.3,0.2,0.4,0.4,-14949.6305747691,29943.2611495383
"301",1,37,0.9,1.2,0.2,1.2,0.4,1.1,0.05,0.6,0.4,0.1,0.3,0.3,-14951.0375298793,29946.0750597585
"302",1,370,1,1.2,0.2,1.2,0.4,1.1,0.05,0.6,0.3,0.2,0.4,0.4,-14951.8249979278,29947.6499958556
"303",1,371,0.9,1.3,0.2,1.2,0.4,1.1,0.05,0.6,0.3,0.2,0.4,0.4,-14951.2580588081,29946.5161176161
"304",1,372,1,1.3,0.2,1.2,0.4,1.1,0.05,0.6,0.3,0.2,0.4,0.4,-14952.3035604935,29948.607120987
"305",1,373,0.9,1.2,0.2,1.2,0.4,1.1,0.05,0.6,0.4,0.2,0.4,0.4,-14953.0807640879,29950.1615281758
"306",1,374,1,1.2,0.2,1.2,0.4,1.1,0.05,0.6,0.4,0.2,0.4,0.4,-14954.971125119,29953.9422502379
"307",1,375,0.9,1.3,0.2,1.2,0.4,1.1,0.05,0.6,0.4,0.2,0.4,0.4,-14957.0982008765,29958.1964017529
"308",1,376,1,1.3,0.2,1.2,0.4,1.1,0.05,0.6,0.4,0.2,0.4,0.4,-14957.8651992149,29959.7303984298
"309",1,377,0.9,1.2,0.2,1.3,0.4,1.1,0.05,0.6,0.3,0.2,0.4,0.4,-14949.674916116,29943.3498322319
"310",1,378,1,1.2,0.2,1.3,0.4,1.1,0.05,0.6,0.3,0.2,0.4,0.4,-14952.0001685906,29948.0003371813
"311",1,379,0.9,1.3,0.2,1.3,0.4,1.1,0.05,0.6,0.3,0.2,0.4,0.4,-14951.1858614146,29946.3717228293
"312",1,38,1,1.2,0.2,1.2,0.4,1.1,0.05,0.6,0.4,0.1,0.3,0.3,-14952.5564143856,29949.1128287711
"313",1,380,1,1.3,0.2,1.3,0.4,1.1,0.05,0.6,0.3,0.2,0.4,0.4,-14952.3778773533,29948.7557547066
"314",1,381,0.9,1.2,0.2,1.3,0.4,1.1,0.05,0.6,0.4,0.2,0.4,0.4,-14953.1350747799,29950.2701495599
"315",1,382,1,1.2,0.2,1.3,0.4,1.1,0.05,0.6,0.4,0.2,0.4,0.4,-14955.1441360799,29954.2882721597
"316",1,383,0.9,1.3,0.2,1.3,0.4,1.1,0.05,0.6,0.4,0.2,0.4,0.4,-14957.013784303,29958.027568606
"317",1,384,1,1.3,0.2,1.3,0.4,1.1,0.05,0.6,0.4,0.2,0.4,0.4,-14957.9111618092,29959.8223236184
"318",1,385,0.9,1.2,0.2,1.2,0.4,1,0.05,0.7,0.3,0.1,0.3,0.4,-14949.4571474039,29942.9142948078
"319",1,386,1,1.2,0.2,1.2,0.4,1,0.05,0.7,0.3,0.1,0.3,0.4,-14951.2771589274,29946.5543178547
"320",1,387,0.9,1.3,0.2,1.2,0.4,1,0.05,0.7,0.3,0.1,0.3,0.4,-14950.7374279455,29945.474855891
"321",1,388,1,1.3,0.2,1.2,0.4,1,0.05,0.7,0.3,0.1,0.3,0.4,-14951.4594963862,29946.9189927724
"322",1,389,0.9,1.2,0.2,1.2,0.4,1,0.05,0.7,0.4,0.1,0.3,0.4,-14952.1552120587,29948.3104241174
"323",1,39,0.9,1.3,0.2,1.2,0.4,1.1,0.05,0.6,0.4,0.1,0.3,0.3,-14954.8254302325,29953.6508604651
"324",1,390,1,1.2,0.2,1.2,0.4,1,0.05,0.7,0.4,0.1,0.3,0.4,-14953.6542836266,29951.3085672531
"325",1,391,0.9,1.3,0.2,1.2,0.4,1,0.05,0.7,0.4,0.1,0.3,0.4,-14955.7537523549,29955.5075047099
"326",1,392,1,1.3,0.2,1.2,0.4,1,0.05,0.7,0.4,0.1,0.3,0.4,-14956.183767932,29956.367535864
"327",1,393,0.9,1.2,0.2,1.3,0.4,1,0.05,0.7,0.3,0.1,0.3,0.4,-14948.8361685351,29941.6723370702
"328",1,394,1,1.2,0.2,1.3,0.4,1,0.05,0.7,0.3,0.1,0.3,0.4,-14950.779542248,29945.5590844959
"329",1,395,0.9,1.3,0.2,1.3,0.4,1,0.05,0.7,0.3,0.1,0.3,0.4,-14950.0148245777,29944.0296491553
"330",1,396,1,1.3,0.2,1.3,0.4,1,0.05,0.7,0.3,0.1,0.3,0.4,-14950.8747363263,29945.7494726527
"331",1,397,0.9,1.2,0.2,1.3,0.4,1,0.05,0.7,0.4,0.1,0.3,0.4,-14951.5393186676,29947.0786373353
"332",1,398,1,1.2,0.2,1.3,0.4,1,0.05,0.7,0.4,0.1,0.3,0.4,-14953.1479295492,29950.2958590983
"333",1,399,0.9,1.3,0.2,1.3,0.4,1,0.05,0.7,0.4,0.1,0.3,0.4,-14955.0181442338,29954.0362884676
"334",1,4,1,1.3,0.2,1.2,0.4,1,0.05,0.6,0.3,0.1,0.3,0.3,-14952.1255137143,29948.2510274286
"335",1,40,1,1.3,0.2,1.2,0.4,1.1,0.05,0.6,0.4,0.1,0.3,0.3,-14955.2332184599,29954.4664369198
"336",1,400,1,1.3,0.2,1.3,0.4,1,0.05,0.7,0.4,0.1,0.3,0.4,-14955.5693349359,29955.1386698718
"337",1,401,0.9,1.2,0.2,1.2,0.4,1,0.05,0.7,0.3,0.2,0.3,0.4,-14950.4848192374,29944.9696384748
"338",1,402,1,1.2,0.2,1.2,0.4,1,0.05,0.7,0.3,0.2,0.3,0.4,-14952.2785408795,29948.557081759
"339",1,403,0.9,1.3,0.2,1.2,0.4,1,0.05,0.7,0.3,0.2,0.3,0.4,-14951.8525162592,29947.7050325185
"340",1,404,1,1.3,0.2,1.2,0.4,1,0.05,0.7,0.3,0.2,0.3,0.4,-14952.5444075421,29949.0888150841
"341",1,405,0.9,1.2,0.2,1.2,0.4,1,0.05,0.7,0.4,0.2,0.3,0.4,-14953.2538363571,29950.5076727142
"342",1,406,1,1.2,0.2,1.2,0.4,1,0.05,0.7,0.4,0.2,0.3,0.4,-14954.7303767214,29953.4607534428
"343",1,407,0.9,1.3,0.2,1.2,0.4,1,0.05,0.7,0.4,0.2,0.3,0.4,-14956.9483250241,29957.8966500483
"344",1,408,1,1.3,0.2,1.2,0.4,1,0.05,0.7,0.4,0.2,0.3,0.4,-14957.3532397922,29958.7064795844
"345",1,409,0.9,1.2,0.2,1.3,0.4,1,0.05,0.7,0.3,0.2,0.3,0.4,-14950.227306107,29944.454612214
"346",1,41,0.9,1.2,0.2,1.3,0.4,1.1,0.05,0.6,0.3,0.1,0.3,0.3,-14947.4696768305,29938.9393536609
"347",1,410,1,1.2,0.2,1.3,0.4,1,0.05,0.7,0.3,0.2,0.3,0.4,-14952.144944896,29948.2898897921
"348",1,411,0.9,1.3,0.2,1.3,0.4,1,0.05,0.7,0.3,0.2,0.3,0.4,-14951.4734321705,29946.9468643411
"349",1,412,1,1.3,0.2,1.3,0.4,1,0.05,0.7,0.3,0.2,0.3,0.4,-14952.3048699166,29948.6097398332
"350",1,413,0.9,1.2,0.2,1.3,0.4,1,0.05,0.7,0.4,0.2,0.3,0.4,-14952.979102614,29949.958205228
"351",1,414,1,1.2,0.2,1.3,0.4,1,0.05,0.7,0.4,0.2,0.3,0.4,-14954.5636538685,29953.127307737
"352",1,415,0.9,1.3,0.2,1.3,0.4,1,0.05,0.7,0.4,0.2,0.3,0.4,-14956.531833048,29957.0636660961
"353",1,416,1,1.3,0.2,1.3,0.4,1,0.05,0.7,0.4,0.2,0.3,0.4,-14957.0575422,29958.1150844
"354",1,417,0.9,1.2,0.2,1.2,0.4,1.1,0.05,0.7,0.3,0.1,0.3,0.4,-14947.5457091888,29939.0914183775
"355",1,418,1,1.2,0.2,1.2,0.4,1.1,0.05,0.7,0.3,0.1,0.3,0.4,-14949.420153273,29942.8403065459
"356",1,419,0.9,1.3,0.2,1.2,0.4,1.1,0.05,0.7,0.3,0.1,0.3,0.4,-14948.9309437593,29941.8618875187
"357",1,42,1,1.2,0.2,1.3,0.4,1.1,0.05,0.6,0.3,0.1,0.3,0.3,-14949.4402499557,29942.8804999115
"358",1,420,1,1.3,0.2,1.2,0.4,1.1,0.05,0.7,0.3,0.1,0.3,0.4,-14949.6737482316,29943.3474964632
"359",1,421,0.9,1.2,0.2,1.2,0.4,1.1,0.05,0.7,0.4,0.1,0.3,0.4,-14950.252793124,29944.505586248
"360",1,422,1,1.2,0.2,1.2,0.4,1.1,0.05,0.7,0.4,0.1,0.3,0.4,-14951.7881792442,29947.5763584885
"361",1,423,0.9,1.3,0.2,1.2,0.4,1.1,0.05,0.7,0.4,0.1,0.3,0.4,-14953.9659009457,29951.9318018915
"362",1,424,1,1.3,0.2,1.2,0.4,1.1,0.05,0.7,0.4,0.1,0.3,0.4,-14954.3967482158,29952.7934964315
"363",1,425,0.9,1.2,0.2,1.3,0.4,1.1,0.05,0.7,0.3,0.1,0.3,0.4,-14946.9183698598,29937.8367397196
"364",1,426,1,1.2,0.2,1.3,0.4,1.1,0.05,0.7,0.3,0.1,0.3,0.4,-14948.9192204125,29941.838440825
"365",1,427,0.9,1.3,0.2,1.3,0.4,1.1,0.05,0.7,0.3,0.1,0.3,0.4,-14948.204122381,29940.408244762
"366",1,428,1,1.3,0.2,1.3,0.4,1.1,0.05,0.7,0.3,0.1,0.3,0.4,-14949.0878100173,29942.1756200346
"367",1,429,0.9,1.2,0.2,1.3,0.4,1.1,0.05,0.7,0.4,0.1,0.3,0.4,-14949.6325398739,29943.2650797478
"368",1,43,0.9,1.3,0.2,1.3,0.4,1.1,0.05,0.6,0.3,0.1,0.3,0.3,-14948.8371858329,29941.6743716657
"369",1,430,1,1.2,0.2,1.3,0.4,1.1,0.05,0.7,0.4,0.1,0.3,0.4,-14951.2825926563,29946.5651853127
"370",1,431,0.9,1.3,0.2,1.3,0.4,1.1,0.05,0.7,0.4,0.1,0.3,0.4,-14953.2286999265,29950.457399853
"371",1,432,1,1.3,0.2,1.3,0.4,1.1,0.05,0.7,0.4,0.1,0.3,0.4,-14953.785381956,29951.570763912
"372",1,433,0.9,1.2,0.2,1.2,0.4,1.1,0.05,0.7,0.3,0.2,0.3,0.4,-14948.5849487766,29941.1698975532
"373",1,434,1,1.2,0.2,1.2,0.4,1.1,0.05,0.7,0.3,0.2,0.3,0.4,-14950.4358436692,29944.8716873385
"374",1,435,0.9,1.3,0.2,1.2,0.4,1.1,0.05,0.7,0.3,0.2,0.3,0.4,-14950.0598268352,29944.1196536704
"375",1,436,1,1.3,0.2,1.2,0.4,1.1,0.05,0.7,0.3,0.2,0.3,0.4,-14950.7745234017,29945.5490468034
"376",1,437,0.9,1.2,0.2,1.2,0.4,1.1,0.05,0.7,0.4,0.2,0.3,0.4,-14951.3665759588,29946.7331519175
"377",1,438,1,1.2,0.2,1.2,0.4,1.1,0.05,0.7,0.4,0.2,0.3,0.4,-14952.8836612934,29949.7673225868
"378",1,439,0.9,1.3,0.2,1.2,0.4,1.1,0.05,0.7,0.4,0.2,0.3,0.4,-14955.1777837777,29954.3555675554
"379",1,44,1,1.3,0.2,1.3,0.4,1.1,0.05,0.6,0.3,0.1,0.3,0.3,-14949.6805470976,29943.3610941951
"380",1,440,1,1.3,0.2,1.2,0.4,1.1,0.05,0.7,0.4,0.2,0.3,0.4,-14955.5869293876,29955.1738587752
"381",1,441,0.9,1.2,0.2,1.3,0.4,1.1,0.05,0.7,0.3,0.2,0.3,0.4,-14948.3251048339,29940.6502096678
"382",1,442,1,1.2,0.2,1.3,0.4,1.1,0.05,0.7,0.3,0.2,0.3,0.4,-14950.3021679956,29944.6043359911
"383",1,443,0.9,1.3,0.2,1.3,0.4,1.1,0.05,0.7,0.3,0.2,0.3,0.4,-14949.68035375,29943.3607074999
"384",1,444,1,1.3,0.2,1.3,0.4,1.1,0.05,0.7,0.3,0.2,0.3,0.4,-14950.5369043111,29945.0738086223
"385",1,445,0.9,1.2,0.2,1.3,0.4,1.1,0.05,0.7,0.4,0.2,0.3,0.4,-14951.0908599747,29946.1817199493
"386",1,446,1,1.2,0.2,1.3,0.4,1.1,0.05,0.7,0.4,0.2,0.3,0.4,-14952.7204481262,29949.4408962525
"387",1,447,0.9,1.3,0.2,1.3,0.4,1.1,0.05,0.7,0.4,0.2,0.3,0.4,-14954.7628767201,29953.5257534402
"388",1,448,1,1.3,0.2,1.3,0.4,1.1,0.05,0.7,0.4,0.2,0.3,0.4,-14955.2968677428,29954.5937354856
"389",1,449,0.9,1.2,0.2,1.2,0.4,1,0.05,0.7,0.3,0.1,0.4,0.4,-14950.0053152982,29944.0106305964
"390",1,45,0.9,1.2,0.2,1.3,0.4,1.1,0.05,0.6,0.4,0.1,0.3,0.3,-14950.2885722947,29944.5771445895
"391",1,450,1,1.2,0.2,1.2,0.4,1,0.05,0.7,0.3,0.1,0.4,0.4,-14952.0033521681,29948.0067043361
"392",1,451,0.9,1.3,0.2,1.2,0.4,1,0.05,0.7,0.3,0.1,0.4,0.4,-14951.4479521113,29946.8959042226
"393",1,452,1,1.3,0.2,1.2,0.4,1,0.05,0.7,0.3,0.1,0.4,0.4,-14952.3075163457,29948.6150326914
"394",1,453,0.9,1.2,0.2,1.2,0.4,1,0.05,0.7,0.4,0.1,0.4,0.4,-14953.2418594889,29950.4837189779
"395",1,454,1,1.2,0.2,1.2,0.4,1,0.05,0.7,0.4,0.1,0.4,0.4,-14954.948784381,29953.8975687619
"396",1,455,0.9,1.3,0.2,1.2,0.4,1,0.05,0.7,0.4,0.1,0.4,0.4,-14956.9991690241,29957.9983380482
"397",1,456,1,1.3,0.2,1.2,0.4,1,0.05,0.7,0.4,0.1,0.4,0.4,-14957.6416664432,29959.2833328864
"398",1,457,0.9,1.2,0.2,1.3,0.4,1,0.05,0.7,0.3,0.1,0.4,0.4,-14949.6009838378,29943.2019676757
"399",1,458,1,1.2,0.2,1.3,0.4,1,0.05,0.7,0.3,0.1,0.4,0.4,-14951.7343506339,29947.4687012679
"400",1,459,0.9,1.3,0.2,1.3,0.4,1,0.05,0.7,0.3,0.1,0.4,0.4,-14950.9012603093,29945.8025206187
"401",1,46,1,1.2,0.2,1.3,0.4,1.1,0.05,0.6,0.4,0.1,0.3,0.3,-14951.9173864027,29947.8347728055
"402",1,460,1,1.3,0.2,1.3,0.4,1,0.05,0.7,0.3,0.1,0.4,0.4,-14951.9556268577,29947.9112537155
"403",1,461,0.9,1.2,0.2,1.3,0.4,1,0.05,0.7,0.4,0.1,0.4,0.4,-14952.8737410904,29949.7474821807
"404",1,462,1,1.2,0.2,1.3,0.4,1,0.05,0.7,0.4,0.1,0.4,0.4,-14954.7013205978,29953.4026411957
"405",1,463,0.9,1.3,0.2,1.3,0.4,1,0.05,0.7,0.4,0.1,0.4,0.4,-14956.5165280515,29957.0330561031
"406",1,464,1,1.3,0.2,1.3,0.4,1,0.05,0.7,0.4,0.1,0.4,0.4,-14957.2890053786,29958.5780107573
"407",1,465,0.9,1.2,0.2,1.2,0.4,1,0.05,0.7,0.3,0.2,0.4,0.4,-14951.0537595156,29946.1075190311
"408",1,466,1,1.2,0.2,1.2,0.4,1,0.05,0.7,0.3,0.2,0.4,0.4,-14953.0356610534,29950.0713221068
"409",1,467,0.9,1.3,0.2,1.2,0.4,1,0.05,0.7,0.3,0.2,0.4,0.4,-14952.538552063,29949.077104126
"410",1,468,1,1.3,0.2,1.2,0.4,1,0.05,0.7,0.3,0.2,0.4,0.4,-14953.4242262445,29950.8484524889
"411",1,469,0.9,1.2,0.2,1.2,0.4,1,0.05,0.7,0.4,0.2,0.4,0.4,-14954.380911185,29952.76182237
"412",1,47,0.9,1.3,0.2,1.3,0.4,1.1,0.05,0.6,0.4,0.1,0.3,0.3,-14953.9606145793,29951.9212291586
"413",1,470,1,1.2,0.2,1.2,0.4,1,0.05,0.7,0.4,0.2,0.4,0.4,-14956.0762765907,29956.1525531814
"414",1,471,0.9,1.3,0.2,1.2,0.4,1,0.05,0.7,0.4,0.2,0.4,0.4,-14958.2345009393,29960.4690018786
"415",1,472,1,1.3,0.2,1.2,0.4,1,0.05,0.7,0.4,0.2,0.4,0.4,-14958.8623851823,29961.7247703646
"416",1,473,0.9,1.2,0.2,1.3,0.4,1,0.05,0.7,0.3,0.2,0.4,0.4,-14951.0166501445,29946.0333002889
"417",1,474,1,1.2,0.2,1.3,0.4,1,0.05,0.7,0.3,0.2,0.4,0.4,-14953.133430475,29950.2668609499
"418",1,475,0.9,1.3,0.2,1.3,0.4,1,0.05,0.7,0.3,0.2,0.4,0.4,-14952.3859639076,29948.7719278152
"419",1,476,1,1.3,0.2,1.3,0.4,1,0.05,0.7,0.3,0.2,0.4,0.4,-14953.4204960593,29950.8409921185
"420",1,477,0.9,1.2,0.2,1.3,0.4,1,0.05,0.7,0.4,0.2,0.4,0.4,-14954.3560973928,29952.7121947855
"421",1,478,1,1.2,0.2,1.3,0.4,1,0.05,0.7,0.4,0.2,0.4,0.4,-14956.1694646119,29956.3389292239
"422",1,479,0.9,1.3,0.2,1.3,0.4,1,0.05,0.7,0.4,0.2,0.4,0.4,-14958.0732460936,29960.1464921872
"423",1,48,1,1.3,0.2,1.3,0.4,1.1,0.05,0.6,0.4,0.1,0.3,0.3,-14954.4907522047,29952.9815044094
"424",1,480,1,1.3,0.2,1.3,0.4,1,0.05,0.7,0.4,0.2,0.4,0.4,-14958.8294667467,29961.6589334933
"425",1,481,0.9,1.2,0.2,1.2,0.4,1.1,0.05,0.7,0.3,0.1,0.4,0.4,-14949.1610429118,29942.3220858235
"426",1,482,1,1.2,0.2,1.2,0.4,1.1,0.05,0.7,0.3,0.1,0.4,0.4,-14951.4876106382,29946.9752212764
"427",1,483,0.9,1.3,0.2,1.2,0.4,1.1,0.05,0.7,0.3,0.1,0.4,0.4,-14950.6796686933,29945.3593373865
"428",1,484,1,1.3,0.2,1.2,0.4,1.1,0.05,0.7,0.3,0.1,0.4,0.4,-14951.6869750208,29947.3739500417
"429",1,485,0.9,1.2,0.2,1.2,0.4,1.1,0.05,0.7,0.4,0.1,0.4,0.4,-14952.4473850105,29948.894770021
"430",1,486,1,1.2,0.2,1.2,0.4,1.1,0.05,0.7,0.4,0.1,0.4,0.4,-14954.2784250789,29952.5568501578
"431",1,487,0.9,1.3,0.2,1.2,0.4,1.1,0.05,0.7,0.4,0.1,0.4,0.4,-14956.347562053,29956.695124106
"432",1,488,1,1.3,0.2,1.2,0.4,1.1,0.05,0.7,0.4,0.1,0.4,0.4,-14957.0660488319,29958.1320976638
"433",1,489,0.9,1.2,0.2,1.3,0.4,1.1,0.05,0.7,0.3,0.1,0.4,0.4,-14948.7296604806,29941.4593209613
"434",1,49,0.9,1.2,0.2,1.2,0.4,1.1,0.05,0.6,0.3,0.2,0.3,0.3,-14949.3809788821,29942.7619577642
"435",1,490,1,1.2,0.2,1.3,0.4,1.1,0.05,0.7,0.3,0.1,0.4,0.4,-14951.0142911222,29946.0285822444
"436",1,491,0.9,1.3,0.2,1.3,0.4,1.1,0.05,0.7,0.3,0.1,0.4,0.4,-14950.3283367291,29944.6566734582
"437",1,492,1,1.3,0.2,1.3,0.4,1.1,0.05,0.7,0.3,0.1,0.4,0.4,-14951.3140206832,29946.6280413664
"438",1,493,0.9,1.2,0.2,1.3,0.4,1.1,0.05,0.7,0.4,0.1,0.4,0.4,-14952.0542462643,29948.1084925285
"439",1,494,1,1.2,0.2,1.3,0.4,1.1,0.05,0.7,0.4,0.1,0.4,0.4,-14954.0131653787,29952.0263307574
"440",1,495,0.9,1.3,0.2,1.3,0.4,1.1,0.05,0.7,0.4,0.1,0.4,0.4,-14955.8424713563,29955.6849427126
"441",1,496,1,1.3,0.2,1.3,0.4,1.1,0.05,0.7,0.4,0.1,0.4,0.4,-14956.6979086466,29957.3958172932
"442",1,497,0.9,1.2,0.2,1.2,0.4,1.1,0.05,0.7,0.3,0.2,0.4,0.4,-14950.219402619,29944.4388052381
"443",1,498,1,1.2,0.2,1.2,0.4,1.1,0.05,0.7,0.3,0.2,0.4,0.4,-14952.3512973139,29948.7025946278
"444",1,499,0.9,1.3,0.2,1.2,0.4,1.1,0.05,0.7,0.3,0.2,0.4,0.4,-14951.8295447735,29947.6590895471
"445",1,5,0.9,1.2,0.2,1.2,0.4,1,0.05,0.6,0.4,0.1,0.3,0.3,-14952.8812535439,29949.7625070877
"446",1,50,1,1.2,0.2,1.2,0.4,1.1,0.05,0.6,0.3,0.2,0.3,0.3,-14951.2001726053,29946.4003452106
"447",1,500,1,1.3,0.2,1.2,0.4,1.1,0.05,0.7,0.3,0.2,0.4,0.4,-14952.8187850717,29949.6375701433
"448",1,501,0.9,1.2,0.2,1.2,0.4,1.1,0.05,0.7,0.4,0.2,0.4,0.4,-14953.6008373042,29951.2016746084
"449",1,502,1,1.2,0.2,1.2,0.4,1.1,0.05,0.7,0.4,0.2,0.4,0.4,-14955.4254100659,29954.8508201318
"450",1,503,0.9,1.3,0.2,1.2,0.4,1.1,0.05,0.7,0.4,0.2,0.4,0.4,-14957.5999382531,29959.1998765062
"451",1,504,1,1.3,0.2,1.2,0.4,1.1,0.05,0.7,0.4,0.2,0.4,0.4,-14958.3080705103,29960.6161410205
"452",1,505,0.9,1.2,0.2,1.3,0.4,1.1,0.05,0.7,0.3,0.2,0.4,0.4,-14950.1609572324,29944.3219144648
"453",1,506,1,1.2,0.2,1.3,0.4,1.1,0.05,0.7,0.3,0.2,0.4,0.4,-14952.4311347015,29948.8622694029
"454",1,507,0.9,1.3,0.2,1.3,0.4,1.1,0.05,0.7,0.3,0.2,0.4,0.4,-14951.6565271364,29947.3130542729
"455",1,508,1,1.3,0.2,1.3,0.4,1.1,0.05,0.7,0.3,0.2,0.4,0.4,-14952.7983350648,29949.5966701295
"456",1,509,0.9,1.2,0.2,1.3,0.4,1.1,0.05,0.7,0.4,0.2,0.4,0.4,-14953.5559695334,29951.1119390668
"457",1,51,0.9,1.3,0.2,1.2,0.4,1.1,0.05,0.6,0.3,0.2,0.3,0.3,-14950.9382912136,29945.8765824273
"458",1,510,1,1.2,0.2,1.3,0.4,1.1,0.05,0.7,0.4,0.2,0.4,0.4,-14955.5049747142,29955.0099494284
"459",1,511,0.9,1.3,0.2,1.3,0.4,1.1,0.05,0.7,0.4,0.2,0.4,0.4,-14957.4207892746,29958.8415785492
"460",1,512,1,1.3,0.2,1.3,0.4,1.1,0.05,0.7,0.4,0.2,0.4,0.4,-14958.2634920376,29960.5269840751
"461",1,52,1,1.3,0.2,1.2,0.4,1.1,0.05,0.6,0.3,0.2,0.3,0.3,-14951.6116377672,29947.2232755344
"462",1,53,0.9,1.2,0.2,1.2,0.4,1.1,0.05,0.6,0.4,0.2,0.3,0.3,-14952.2682651338,29948.5365302676
"463",1,54,1,1.2,0.2,1.2,0.4,1.1,0.05,0.6,0.4,0.2,0.3,0.3,-14953.7651813002,29951.5303626004
"464",1,55,0.9,1.3,0.2,1.2,0.4,1.1,0.05,0.6,0.4,0.2,0.3,0.3,-14956.1520842021,29956.3041684042
"465",1,56,1,1.3,0.2,1.2,0.4,1.1,0.05,0.6,0.4,0.2,0.3,0.3,-14956.5357538045,29957.071507609
"466",1,57,0.9,1.2,0.2,1.3,0.4,1.1,0.05,0.6,0.3,0.2,0.3,0.3,-14948.9585084669,29941.9170169337
"467",1,58,1,1.2,0.2,1.3,0.4,1.1,0.05,0.6,0.3,0.2,0.3,0.3,-14950.9002241207,29945.8004482414
"468",1,59,0.9,1.3,0.2,1.3,0.4,1.1,0.05,0.6,0.3,0.2,0.3,0.3,-14950.3959864802,29944.7919729604
"469",1,6,1,1.2,0.2,1.2,0.4,1,0.05,0.6,0.4,0.1,0.3,0.3,-14954.3623732742,29952.7247465485
"470",1,60,1,1.3,0.2,1.3,0.4,1.1,0.05,0.6,0.3,0.2,0.3,0.3,-14951.2081536037,29946.4163072074
"471",1,61,0.9,1.2,0.2,1.3,0.4,1.1,0.05,0.6,0.4,0.2,0.3,0.3,-14951.8269534018,29947.6539068035
"472",1,62,1,1.2,0.2,1.3,0.4,1.1,0.05,0.6,0.4,0.2,0.3,0.3,-14953.4320443168,29950.8640886337
"473",1,63,0.9,1.3,0.2,1.3,0.4,1.1,0.05,0.6,0.4,0.2,0.3,0.3,-14955.5735469616,29955.1470939233
"474",1,64,1,1.3,0.2,1.3,0.4,1.1,0.05,0.6,0.4,0.2,0.3,0.3,-14956.078937869,29956.1578757379
"475",1,65,0.9,1.2,0.2,1.2,0.4,1,0.05,0.6,0.3,0.1,0.4,0.3,-14950.5856044605,29945.171208921
"476",1,66,1,1.2,0.2,1.2,0.4,1,0.05,0.6,0.3,0.1,0.4,0.3,-14952.6212106404,29949.2424212809
"477",1,67,0.9,1.3,0.2,1.2,0.4,1,0.05,0.6,0.3,0.1,0.4,0.3,-14952.0756179371,29948.1512358741
"478",1,68,1,1.3,0.2,1.2,0.4,1,0.05,0.6,0.3,0.1,0.4,0.3,-14952.9187675077,29949.8375350154
"479",1,69,0.9,1.2,0.2,1.2,0.4,1,0.05,0.6,0.4,0.1,0.4,0.3,-14953.9211268551,29951.8422537102
"480",1,7,0.9,1.3,0.2,1.2,0.4,1,0.05,0.6,0.4,0.1,0.3,0.3,-14956.5570197122,29957.1140394244
"481",1,70,1,1.2,0.2,1.2,0.4,1,0.05,0.6,0.4,0.1,0.4,0.3,-14955.595420838,29955.1908416759
"482",1,71,0.9,1.3,0.2,1.2,0.4,1,0.05,0.6,0.4,0.1,0.4,0.3,-14957.7505130933,29959.5010261865
"483",1,72,1,1.3,0.2,1.2,0.4,1,0.05,0.6,0.4,0.1,0.4,0.3,-14958.3541025267,29960.7082050534
"484",1,73,0.9,1.2,0.2,1.3,0.4,1,0.05,0.6,0.3,0.1,0.4,0.3,-14950.1694983843,29944.3389967685
"485",1,74,1,1.2,0.2,1.3,0.4,1,0.05,0.6,0.3,0.1,0.4,0.3,-14952.1425146593,29948.2850293185
"486",1,75,0.9,1.3,0.2,1.3,0.4,1,0.05,0.6,0.3,0.1,0.4,0.3,-14951.4341151623,29946.8682303245
"487",1,76,1,1.3,0.2,1.3,0.4,1,0.05,0.6,0.3,0.1,0.4,0.3,-14952.4342470013,29948.8684940026
"488",1,77,0.9,1.2,0.2,1.3,0.4,1,0.05,0.6,0.4,0.1,0.4,0.3,-14953.4210402161,29950.8420804321
"489",1,78,1,1.2,0.2,1.3,0.4,1,0.05,0.6,0.4,0.1,0.4,0.3,-14955.2114058752,29954.4228117505
"490",1,79,0.9,1.3,0.2,1.3,0.4,1,0.05,0.6,0.4,0.1,0.4,0.3,-14957.1363398008,29958.2726796015
"491",1,8,1,1.3,0.2,1.2,0.4,1,0.05,0.6,0.4,0.1,0.3,0.3,-14956.9626737928,29957.9253475855
"492",1,80,1,1.3,0.2,1.3,0.4,1,0.05,0.6,0.4,0.1,0.4,0.3,-14957.8665164659,29959.7330329317
"493",1,81,0.9,1.2,0.2,1.2,0.4,1,0.05,0.6,0.3,0.2,0.4,0.3,-14951.7538328513,29947.5076657027
"494",1,82,1,1.2,0.2,1.2,0.4,1,0.05,0.6,0.3,0.2,0.4,0.3,-14953.6895779246,29951.3791558491
"495",1,83,0.9,1.3,0.2,1.2,0.4,1,0.05,0.6,0.3,0.2,0.4,0.3,-14953.320022387,29950.640044774
"496",1,84,1,1.3,0.2,1.2,0.4,1,0.05,0.6,0.3,0.2,0.4,0.3,-14954.1502250656,29952.3004501313
"497",1,85,0.9,1.2,0.2,1.2,0.4,1,0.05,0.6,0.4,0.2,0.4,0.3,-14955.1762886861,29954.3525773722
"498",1,86,1,1.2,0.2,1.2,0.4,1,0.05,0.6,0.4,0.2,0.4,0.3,-14956.8345731407,29957.6691462815
"499",1,87,0.9,1.3,0.2,1.2,0.4,1,0.05,0.6,0.4,0.2,0.4,0.3,-14959.0999610993,29962.1999221985
"500",1,88,1,1.3,0.2,1.2,0.4,1,0.05,0.6,0.4,0.2,0.4,0.3,-14959.9138203901,29963.8276407802
"501",1,89,0.9,1.2,0.2,1.3,0.4,1,0.05,0.6,0.3,0.2,0.4,0.3,-14951.5522752549,29947.1045505098
"502",1,9,0.9,1.2,0.2,1.3,0.4,1,0.05,0.6,0.3,0.1,0.3,0.3,-14949.3362579255,29942.6725158509
"503",1,90,1,1.2,0.2,1.3,0.4,1,0.05,0.6,0.3,0.2,0.4,0.3,-14953.9124745676,29951.8249491352
"504",1,91,0.9,1.3,0.2,1.3,0.4,1,0.05,0.6,0.3,0.2,0.4,0.3,-14953.0024251143,29950.0048502286
"505",1,92,1,1.3,0.2,1.3,0.4,1,0.05,0.6,0.3,0.2,0.4,0.3,-14953.9778027202,29951.9556054403
"506",1,93,0.9,1.2,0.2,1.3,0.4,1,0.05,0.6,0.4,0.2,0.4,0.3,-14954.9829641173,29953.9659282345
"507",1,94,1,1.2,0.2,1.3,0.4,1,0.05,0.6,0.4,0.2,0.4,0.3,-14956.7551371068,29957.5102742136
"508",1,95,0.9,1.3,0.2,1.3,0.4,1,0.05,0.6,0.4,0.2,0.4,0.3,-14958.7714855795,29961.5429711591
"509",1,96,1,1.3,0.2,1.3,0.4,1,0.05,0.6,0.4,0.2,0.4,0.3,-14959.4825549766,29962.9651099532
"510",1,97,0.9,1.2,0.2,1.2,0.4,1.1,0.05,0.6,0.3,0.1,0.4,0.3,-14949.8421169259,29943.6842338519
"511",1,98,1,1.2,0.2,1.2,0.4,1.1,0.05,0.6,0.3,0.1,0.4,0.3,-14952.0128298144,29948.0256596288
"512",1,99,0.9,1.3,0.2,1.2,0.4,1.1,0.05,0.6,0.3,0.1,0.4,0.3,-14951.4278443492,29946.8556886984
